<IATA_PNRGOV_NotifRQ><Originator AirlineCode="AY" SystemCode="SYSTEM" AirlineContactInfo="TEXT" /><FlightLeg CarrierCode="AY" FlightNumber="715" DepartureDateTime="2021-10-08 06:49:48+00:00" ArrivalDateTime="2021-10-08 08:53:52+00:00" DateChangeNbr="0"><DepartureAirport LocationCode="HEL" /><ArrivalAirport LocationCode="SVO" /></FlightLeg><PNRs NumberOfPnrs="1"><PNR NumberOfPassengers="1" PNR_TransDate="2021-10-07 10:33:45+00:00" PNR_CreationDate="2021-10-07 10:33:45+00:00" LastTktDate="2021-10-07 10:33:45+00:00"><BookingRefID ID="8488"><CompanyName TravelSector="19788" Code="AA" /></BookingRefID><POS><Source AgentSine="AA" PseudoCityCode="Madrid" ISOCOuntry="ESP" ISOCurrency="EUR" AgentDutyCode="-" AirlineVendorID="AA" AirportCode="MAD"><RequestorID ID="REQUESTOR_ID"><CompanyName Code="AA" /></RequestorID></Source></POS><Passenger RPH="40714" SurnameRefNumber="DEU_4736" BoardingStatus="63"><GivenName>Paige</GivenName><Surname>Weimer</Surname><CustLoyalty ProgramID="PROGRAM_ID" MembershipID="12884" /><ExcessBaggage IssuerCode="AA" SerialNumber="12884" SequenceCount="1" BaggagePool="MP" UnitOfMeasureQuantity="1" UnitOfMeasureCode="1" /><FareInfo PTC_Code="PTC_CODE" DiscountedFareType="DISC_FARE_TYPE" DiscountrPercent="5" CountryCode="ESP" DiscountedFareClassType="Business Class" FareBasis="SFLY" /><SSR SSR_Code="OTHS" ServiceQuantity="1" Status="HN" BoardPoint="MAD" OffPoint="JFK" RPH="12884" SurnameRefNumber="DEU_4736"><Airline Code="AA" /><Text>MADDOX/MOLLY</Text></SSR><TicketDocument TicketDocumentNbr="12884" Type="TICKET_TYPE" DateOfIssue="2021-10-07 10:33:45+00:00" TicketLocation="MAD" PrimaryDocInd="True"><TotalFare Amount="16341.99" CurrencyCode="EUR" /><PricingInfo Date="2021-10-07 10:33:45+00:00" Time="2021-10-07 10:33:45+00:00" ISOCountryCode="ESP" LocationCode="MAD" NonEndorsableInd="False" NonRefundableInd="False" PenaltyRestrictionInd="False" /><Taxes><Tax Amount="16341.99" ISOCountry="ESP" CurrencyCode="EUR" TaxType="BK" /></Taxes><PaymentInfo PaymentType="CC" PaymentUse="NEW" PaymentAmount="PAYMENT_AMT" VendorCode="-" AccountNbr="-" ExpiryDate="-" CardHolderName="PaigeWeimer" /></TicketDocument><DOC_SSR SSR_Code="DOCA" ServiceQuantity="1" Status="HK"><FlightInfo Code="AA" /><DOCA AddressType="O" Address="Benderweg 685&#10;53171 Ahaus" CityName="DOCA - City Name" PostalCode="66662" StateProvCounty="STATE_PROV_COUNTY" Country="Germany" /></DOC_SSR><DOC_SSR SSR_Code="DOCO" ServiceQuantity="1" Status="HK"><DOCO BirthLocation="Germany" TravelDocType="V" TravelDocNbr="12884" PlaceOfIssue="Germany" DateOfIssue="-" CountryState="Germany" /></DOC_SSR><DOC_SSR SSR_Code="DOCS" ServiceQuantity="1" Status="HK"><DOCS DateOfBirth="2018-07-05" ExpiryDate="2026-09-15" FirstGivenName="Paige" SecondGivenName="SECOND_NAME" Surname="Weimer" Gender="F" IssuingLoc="Germany" PaxNationality="Germany" /></DOC_SSR></Passenger><Passenger RPH="40715" SurnameRefNumber="DEU_4736" BoardingStatus="63"><GivenName>Emily</GivenName><Surname>Weimer</Surname><CustLoyalty ProgramID="PROGRAM_ID" MembershipID="12885" /><ExcessBaggage IssuerCode="AA" SerialNumber="12885" SequenceCount="1" BaggagePool="MP" UnitOfMeasureQuantity="1" UnitOfMeasureCode="1" /><FareInfo PTC_Code="PTC_CODE" DiscountedFareType="DISC_FARE_TYPE" DiscountrPercent="5" CountryCode="ESP" DiscountedFareClassType="Business Class" FareBasis="SFLY" /><SSR SSR_Code="OTHS" ServiceQuantity="1" Status="HN" BoardPoint="MAD" OffPoint="JFK" RPH="12885" SurnameRefNumber="DEU_4736"><Airline Code="AA" /><Text>MADDOX/MOLLY</Text></SSR><TicketDocument TicketDocumentNbr="12885" Type="TICKET_TYPE" DateOfIssue="2021-10-07 10:33:45+00:00" TicketLocation="MAD" PrimaryDocInd="True"><TotalFare Amount="16342.99" CurrencyCode="EUR" /><PricingInfo Date="2021-10-07 10:33:45+00:00" Time="2021-10-07 10:33:45+00:00" ISOCountryCode="ESP" LocationCode="MAD" NonEndorsableInd="True" NonRefundableInd="False" PenaltyRestrictionInd="True" /><Taxes><Tax Amount="16342.99" ISOCountry="ESP" CurrencyCode="EUR" TaxType="BK" /></Taxes><PaymentInfo PaymentType="CC" PaymentUse="NEW" PaymentAmount="PAYMENT_AMT" VendorCode="-" AccountNbr="-" ExpiryDate="-" CardHolderName="PaigeWeimer" /></TicketDocument><DOC_SSR SSR_Code="DOCA" ServiceQuantity="1" Status="HK"><FlightInfo Code="AA" /><DOCA AddressType="O" Address="Benderweg 685&#10;53171 Ahaus" CityName="DOCA - City Name" PostalCode="66662" StateProvCounty="STATE_PROV_COUNTY" Country="Germany" /></DOC_SSR><DOC_SSR SSR_Code="DOCO" ServiceQuantity="1" Status="HK"><DOCO BirthLocation="Germany" TravelDocType="V" TravelDocNbr="12885" PlaceOfIssue="Germany" DateOfIssue="-" CountryState="Germany" /></DOC_SSR><DOC_SSR SSR_Code="DOCS" ServiceQuantity="1" Status="HK"><DOCS DateOfBirth="2010-08-16" ExpiryDate="2025-05-16" FirstGivenName="Emily" SecondGivenName="SECOND_NAME" Surname="Weimer" Gender="F" IssuingLoc="Germany" PaxNationality="Germany" /></DOC_SSR></Passenger><Passenger RPH="3100" SurnameRefNumber="BLR_367" BoardingStatus="63"><GivenName>Patricia</GivenName><Surname>Moore</Surname><CustLoyalty ProgramID="PROGRAM_ID" MembershipID="13005" /><ExcessBaggage IssuerCode="AA" SerialNumber="13005" SequenceCount="1" BaggagePool="MP" UnitOfMeasureQuantity="2" UnitOfMeasureCode="1" /><FareInfo PTC_Code="PTC_CODE" DiscountedFareType="DISC_FARE_TYPE" DiscountrPercent="5" CountryCode="ESP" DiscountedFareClassType="Economy Class" FareBasis="SFLY" /><SSR SSR_Code="OTHS" ServiceQuantity="1" Status="HN" BoardPoint="MAD" OffPoint="JFK" RPH="13005" SurnameRefNumber="BLR_367"><Airline Code="AA" /><Text>MADDOX/MOLLY</Text></SSR><TicketDocument TicketDocumentNbr="13005" Type="TICKET_TYPE" DateOfIssue="2021-10-07 10:33:45+00:00" TicketLocation="MAD" PrimaryDocInd="True"><TotalFare Amount="16489.99" CurrencyCode="EUR" /><PricingInfo Date="2021-10-07 10:33:45+00:00" Time="2021-10-07 10:33:45+00:00" ISOCountryCode="ESP" LocationCode="MAD" NonEndorsableInd="True" NonRefundableInd="False" PenaltyRestrictionInd="True" /><Taxes><Tax Amount="16489.99" ISOCountry="ESP" CurrencyCode="EUR" TaxType="BK" /></Taxes><PaymentInfo PaymentType="CC" PaymentUse="NEW" PaymentAmount="PAYMENT_AMT" VendorCode="-" AccountNbr="-" ExpiryDate="-" CardHolderName="PaigeWeimer" /></TicketDocument><DOC_SSR SSR_Code="DOCA" ServiceQuantity="1" Status="HK"><FlightInfo Code="AA" /><DOCA AddressType="D" Address="5595 Clayton Drive Apt. 859&#10;New Danielborough, MI 87898" CityName="DOCA - City Name" PostalCode="35177" StateProvCounty="STATE_PROV_COUNTY" Country="United States" /></DOC_SSR><DOC_SSR SSR_Code="DOCO" ServiceQuantity="1" Status="HK"><DOCO BirthLocation="United States" TravelDocType="V" TravelDocNbr="13005" PlaceOfIssue="United States" DateOfIssue="-" CountryState="United States" /></DOC_SSR><DOC_SSR SSR_Code="DOCS" ServiceQuantity="1" Status="HK"><DOCS DateOfBirth="1963-05-09" ExpiryDate="2022-01-04" FirstGivenName="Patricia" SecondGivenName="SECOND_NAME" Surname="Moore" Gender="F" IssuingLoc="United States" PaxNationality="United States" /></DOC_SSR></Passenger><Passenger RPH="106336" SurnameRefNumber="CHE_135" BoardingStatus="63"><GivenName>William</GivenName><Surname>Brunner</Surname><CustLoyalty ProgramID="PROGRAM_ID" MembershipID="14503" /><ExcessBaggage IssuerCode="AA" SerialNumber="14503" SequenceCount="1" BaggagePool="MP" UnitOfMeasureQuantity="2" UnitOfMeasureCode="1" /><FareInfo PTC_Code="PTC_CODE" DiscountedFareType="DISC_FARE_TYPE" DiscountrPercent="5" CountryCode="ESP" DiscountedFareClassType="Economy Class" FareBasis="SFLY" /><SSR SSR_Code="OTHS" ServiceQuantity="1" Status="HN" BoardPoint="MAD" OffPoint="JFK" RPH="14503" SurnameRefNumber="CHE_135"><Airline Code="AA" /><Text>MADDOX/MOLLY</Text></SSR><TicketDocument TicketDocumentNbr="14503" Type="TICKET_TYPE" DateOfIssue="2021-10-07 10:33:45+00:00" TicketLocation="MAD" PrimaryDocInd="False"><TotalFare Amount="18375.99" CurrencyCode="EUR" /><PricingInfo Date="2021-10-07 10:33:45+00:00" Time="2021-10-07 10:33:45+00:00" ISOCountryCode="ESP" LocationCode="MAD" NonEndorsableInd="True" NonRefundableInd="False" PenaltyRestrictionInd="True" /><Taxes><Tax Amount="18375.99" ISOCountry="ESP" CurrencyCode="EUR" TaxType="BK" /></Taxes><PaymentInfo PaymentType="CC" PaymentUse="NEW" PaymentAmount="PAYMENT_AMT" VendorCode="-" AccountNbr="-" ExpiryDate="-" CardHolderName="PaigeWeimer" /></TicketDocument><DOC_SSR SSR_Code="DOCA" ServiceQuantity="1" Status="HK"><FlightInfo Code="AA" /><DOCA AddressType="D" Address="Zinggstrasse 226&#10;5123 Biel/Bienne" CityName="DOCA - City Name" PostalCode="2214" StateProvCounty="STATE_PROV_COUNTY" Country="Switzerland" /></DOC_SSR><DOC_SSR SSR_Code="DOCO" ServiceQuantity="1" Status="HK"><DOCO BirthLocation="Switzerland" TravelDocType="V" TravelDocNbr="14503" PlaceOfIssue="Switzerland" DateOfIssue="-" CountryState="Switzerland" /></DOC_SSR><DOC_SSR SSR_Code="DOCS" ServiceQuantity="1" Status="HK"><DOCS DateOfBirth="1962-08-22" ExpiryDate="2025-10-30" FirstGivenName="William" SecondGivenName="SECOND_NAME" Surname="Brunner" Gender="M" IssuingLoc="Switzerland" PaxNationality="Switzerland" /></DOC_SSR></Passenger></PNR></PNRs></IATA_PNRGOV_NotifRQ>