<IATA_PNRGOV_NotifRQ><Originator AirlineCode="AY" SystemCode="SYSTEM" AirlineContactInfo="TEXT" /><FlightLeg CarrierCode="AY" FlightNumber="145" DepartureDateTime="2021-10-08 13:57:07+00:00" ArrivalDateTime="2021-10-08 16:08:49+00:00" DateChangeNbr="0"><DepartureAirport LocationCode="HEL" /><ArrivalAirport LocationCode="WAW" /></FlightLeg><PNRs NumberOfPnrs="1"><PNR NumberOfPassengers="2" PNR_TransDate="2021-10-07 10:34:23+00:00" PNR_CreationDate="2021-10-07 10:34:23+00:00" LastTktDate="2021-10-07 10:34:23+00:00"><BookingRefID ID="4891"><CompanyName TravelSector="11581" Code="SQ" /></BookingRefID><POS><Source AgentSine="SQ" PseudoCityCode="Frankfurt" ISOCOuntry="DEU" ISOCurrency="EUR" AgentDutyCode="-" AirlineVendorID="SQ" AirportCode="FRA"><RequestorID ID="REQUESTOR_ID"><CompanyName Code="SQ" /></RequestorID></Source></POS><Passenger RPH="113207" SurnameRefNumber="GBR_538" BoardingStatus="63"><GivenName>Aaron</GivenName><Surname>Sanders</Surname><CustLoyalty ProgramID="PROGRAM_ID" MembershipID="8058" /><ExcessBaggage IssuerCode="SQ" SerialNumber="8058" SequenceCount="1" BaggagePool="MP" UnitOfMeasureQuantity="1" UnitOfMeasureCode="1" /><FareInfo PTC_Code="PTC_CODE" DiscountedFareType="DISC_FARE_TYPE" DiscountrPercent="5" CountryCode="DEU" DiscountedFareClassType="Business Class" FareBasis="SFLY" /><SSR SSR_Code="OTHS" ServiceQuantity="1" Status="HN" BoardPoint="FRA" OffPoint="SIN" RPH="8058" SurnameRefNumber="GBR_538"><Airline Code="SQ" /><Text>MADDOX/MOLLY</Text></SSR><TicketDocument TicketDocumentNbr="8058" Type="TICKET_TYPE" DateOfIssue="2021-10-07 10:34:23+00:00" TicketLocation="FRA" PrimaryDocInd="False"><TotalFare Amount="10270.99" CurrencyCode="EUR" /><PricingInfo Date="2021-10-07 10:34:23+00:00" Time="2021-10-07 10:34:23+00:00" ISOCountryCode="DEU" LocationCode="FRA" NonEndorsableInd="False" NonRefundableInd="False" PenaltyRestrictionInd="True" /><Taxes><Tax Amount="10270.99" ISOCountry="DEU" CurrencyCode="EUR" TaxType="BK" /></Taxes><PaymentInfo PaymentType="CC" PaymentUse="NEW" PaymentAmount="PAYMENT_AMT" VendorCode="VISA 19 digit" AccountNbr="30555643811497" ExpiryDate="2022-12-26" CardHolderName="AaronSanders" /></TicketDocument><DOC_SSR SSR_Code="DOCA" ServiceQuantity="1" Status="HK"><FlightInfo Code="SQ" /><DOCA AddressType="O" Address="38 Clayton creek&#10;Pooleton&#10;EC9X 8FL" CityName="DOCA - City Name" PostalCode="E7H 1BG" StateProvCounty="STATE_PROV_COUNTY" Country="United Kingdom" /></DOC_SSR><DOC_SSR SSR_Code="DOCO" ServiceQuantity="1" Status="HK"><DOCO BirthLocation="United Kingdom" TravelDocType="V" TravelDocNbr="8058" PlaceOfIssue="United Kingdom" DateOfIssue="-" CountryState="United Kingdom" /></DOC_SSR><DOC_SSR SSR_Code="DOCS" ServiceQuantity="1" Status="HK"><DOCS DateOfBirth="1974-12-09" ExpiryDate="2022-09-05" FirstGivenName="Aaron" SecondGivenName="SECOND_NAME" Surname="Sanders" Gender="M" IssuingLoc="United Kingdom" PaxNationality="United Kingdom" /></DOC_SSR></Passenger><Passenger RPH="70632" SurnameRefNumber="LTU_264" BoardingStatus="63"><GivenName>Oliver</GivenName><Surname>Hines</Surname><CustLoyalty ProgramID="PROGRAM_ID" MembershipID="8356" /><ExcessBaggage IssuerCode="SQ" SerialNumber="8356" SequenceCount="1" BaggagePool="MP" UnitOfMeasureQuantity="2" UnitOfMeasureCode="1" /><FareInfo PTC_Code="PTC_CODE" DiscountedFareType="DISC_FARE_TYPE" DiscountrPercent="5" CountryCode="DEU" DiscountedFareClassType="Premium Economy" FareBasis="SFLY" /><SSR SSR_Code="OTHS" ServiceQuantity="1" Status="HN" BoardPoint="FRA" OffPoint="SIN" RPH="8356" SurnameRefNumber="LTU_264"><Airline Code="SQ" /><Text>MADDOX/MOLLY</Text></SSR><TicketDocument TicketDocumentNbr="8356" Type="TICKET_TYPE" DateOfIssue="2021-10-07 10:34:23+00:00" TicketLocation="FRA" PrimaryDocInd="True"><TotalFare Amount="10651.99" CurrencyCode="EUR" /><PricingInfo Date="2021-10-07 10:34:23+00:00" Time="2021-10-07 10:34:23+00:00" ISOCountryCode="DEU" LocationCode="FRA" NonEndorsableInd="True" NonRefundableInd="False" PenaltyRestrictionInd="False" /><Taxes><Tax Amount="10651.99" ISOCountry="DEU" CurrencyCode="EUR" TaxType="BK" /></Taxes><PaymentInfo PaymentType="CC" PaymentUse="NEW" PaymentAmount="PAYMENT_AMT" VendorCode="VISA 19 digit" AccountNbr="30555643811497" ExpiryDate="2022-12-26" CardHolderName="AaronSanders" /></TicketDocument><DOC_SSR SSR_Code="DOCA" ServiceQuantity="1" Status="HK"><FlightInfo Code="SQ" /><DOCA AddressType="D" Address="5452 Danielle Haven Suite 923&#10;Jonathanmouth, CO 96511" CityName="DOCA - City Name" PostalCode="14479" StateProvCounty="STATE_PROV_COUNTY" Country="United States" /></DOC_SSR><DOC_SSR SSR_Code="DOCO" ServiceQuantity="1" Status="HK"><DOCO BirthLocation="United States" TravelDocType="V" TravelDocNbr="8356" PlaceOfIssue="United States" DateOfIssue="-" CountryState="United States" /></DOC_SSR><DOC_SSR SSR_Code="DOCS" ServiceQuantity="1" Status="HK"><DOCS DateOfBirth="1988-09-12" ExpiryDate="2022-08-06" FirstGivenName="Oliver" SecondGivenName="SECOND_NAME" Surname="Hines" Gender="M" IssuingLoc="United States" PaxNationality="United States" /></DOC_SSR></Passenger><Passenger RPH="70633" SurnameRefNumber="LTU_264" BoardingStatus="63"><GivenName>Margaret</GivenName><Surname>Hines</Surname><CustLoyalty ProgramID="PROGRAM_ID" MembershipID="8357" /><ExcessBaggage IssuerCode="SQ" SerialNumber="8357" SequenceCount="1" BaggagePool="MP" UnitOfMeasureQuantity="2" UnitOfMeasureCode="2" /><FareInfo PTC_Code="PTC_CODE" DiscountedFareType="DISC_FARE_TYPE" DiscountrPercent="5" CountryCode="DEU" DiscountedFareClassType="Premium Economy" FareBasis="SFLY" /><SSR SSR_Code="OTHS" ServiceQuantity="1" Status="HN" BoardPoint="FRA" OffPoint="SIN" RPH="8357" SurnameRefNumber="LTU_264"><Airline Code="SQ" /><Text>MADDOX/MOLLY</Text></SSR><TicketDocument TicketDocumentNbr="8357" Type="TICKET_TYPE" DateOfIssue="2021-10-07 10:34:23+00:00" TicketLocation="FRA" PrimaryDocInd="False"><TotalFare Amount="10653.99" CurrencyCode="EUR" /><PricingInfo Date="2021-10-07 10:34:23+00:00" Time="2021-10-07 10:34:23+00:00" ISOCountryCode="DEU" LocationCode="FRA" NonEndorsableInd="False" NonRefundableInd="True" PenaltyRestrictionInd="True" /><Taxes><Tax Amount="10653.99" ISOCountry="DEU" CurrencyCode="EUR" TaxType="BK" /></Taxes><PaymentInfo PaymentType="CC" PaymentUse="NEW" PaymentAmount="PAYMENT_AMT" VendorCode="VISA 19 digit" AccountNbr="30555643811497" ExpiryDate="2022-12-26" CardHolderName="AaronSanders" /></TicketDocument><DOC_SSR SSR_Code="DOCA" ServiceQuantity="1" Status="HK"><FlightInfo Code="SQ" /><DOCA AddressType="D" Address="5452 Danielle Haven Suite 923&#10;Jonathanmouth, CO 96511" CityName="DOCA - City Name" PostalCode="14479" StateProvCounty="STATE_PROV_COUNTY" Country="United States" /></DOC_SSR><DOC_SSR SSR_Code="DOCO" ServiceQuantity="1" Status="HK"><DOCO BirthLocation="United States" TravelDocType="V" TravelDocNbr="8357" PlaceOfIssue="United States" DateOfIssue="-" CountryState="United States" /></DOC_SSR><DOC_SSR SSR_Code="DOCS" ServiceQuantity="1" Status="HK"><DOCS DateOfBirth="1984-01-04" ExpiryDate="2022-10-28" FirstGivenName="Margaret" SecondGivenName="SECOND_NAME" Surname="Hines" Gender="F" IssuingLoc="United States" PaxNationality="United States" /></DOC_SSR></Passenger></PNR></PNRs></IATA_PNRGOV_NotifRQ>